<?xml version="1.0" encoding="utf-8"?>
<ParticleSettings xmlns:xsi="http://www.w3.org/2001/XMLSchema-instance" xmlns:xsd="http://www.w3.org/2001/XMLSchema">
  <Sprite>star1</Sprite>
  <EmitterPosition>
    <X>358</X>
    <Y>385</Y>
  </EmitterPosition>
  <EmissionOffset>
    <X>0</X>
    <Y>0</Y>
  </EmissionOffset>
  <EmitRate>30</EmitRate>
  <MaximumParticleCount>200</MaximumParticleCount>
  <EmissionRadiusRange>
    <X>5</X>
    <Y>20</Y>
  </EmissionRadiusRange>
  <Velocity>
    <X>0</X>
    <Y>0</Y>
  </Velocity>
  <VelocityVariance>0</VelocityVariance>
  <Acceleration>
    <X>0</X>
    <Y>1.5</Y>
  </Acceleration>
  <AccelerationVariance>0</AccelerationVariance>
  <RadialVelocity>10</RadialVelocity>
  <RadialVelocityVariance>0</RadialVelocityVariance>
  <RadialAcceleration>-1.25</RadialAcceleration>
  <RadialAccelerationVariance>0</RadialAccelerationVariance>
  <TangentialVelocity>0</TangentialVelocity>
  <TangentialVelocityVariance>0</TangentialVelocityVariance>
  <TangentialAcceleration>0</TangentialAcceleration>
  <TangentialAccelerationVariance>0</TangentialAccelerationVariance>
  <Lifetime>10</Lifetime>
  <LifetimeVariance>2</LifetimeVariance>
  <SpinVelocity>
    <X>0</X>
    <Y>0</Y>
  </SpinVelocity>
  <SpinVelocityVariance>0</SpinVelocityVariance>
  <SizeRange>
    <X>0.1</X>
    <Y>0.05</Y>
  </SizeRange>
  <SizeVariance>0.05</SizeVariance>
  <ColorRange>
    <Start>
      <A>255</A>
      <R>228</R>
      <G>26</G>
      <B>199</B>
    </Start>
    <End>
      <A>30</A>
      <R>223</R>
      <G>31</G>
      <B>212</B>
    </End>
  </ColorRange>
  <ColorVariance>0</ColorVariance>
</ParticleSettings>