<?xml version="1.0" encoding="utf-8"?>
<ParticleSettings xmlns:xsi="http://www.w3.org/2001/XMLSchema-instance" xmlns:xsd="http://www.w3.org/2001/XMLSchema">
  <Sprite>smoke</Sprite>
  <EmitterPosition>
    <X>358</X>
    <Y>385</Y>
  </EmitterPosition>
  <EmissionOffset>
    <X>0</X>
    <Y>0</Y>
  </EmissionOffset>
  <EmitRate>11</EmitRate>
  <MaximumParticleCount>200</MaximumParticleCount>
  <EmissionRadiusRange>
    <X>0</X>
    <Y>0</Y>
  </EmissionRadiusRange>
  <Velocity>
    <X>0</X>
    <Y>-0</Y>
  </Velocity>
  <VelocityVariance>0</VelocityVariance>
  <Acceleration>
    <X>0</X>
    <Y>-13</Y>
  </Acceleration>
  <AccelerationVariance>3</AccelerationVariance>
  <RadialVelocity>0</RadialVelocity>
  <RadialVelocityVariance>0</RadialVelocityVariance>
  <RadialAcceleration>0</RadialAcceleration>
  <RadialAccelerationVariance>0</RadialAccelerationVariance>
  <TangentialVelocity>0</TangentialVelocity>
  <TangentialVelocityVariance>0</TangentialVelocityVariance>
  <TangentialAcceleration>0</TangentialAcceleration>
  <TangentialAccelerationVariance>0</TangentialAccelerationVariance>
  <Lifetime>3</Lifetime>
  <LifetimeVariance>0</LifetimeVariance>
  <SpinVelocity>
    <X>0</X>
    <Y>0</Y>
  </SpinVelocity>
  <SpinVelocityVariance>0.3</SpinVelocityVariance>
  <SizeRange>
    <X>0</X>
    <Y>1</Y>
  </SizeRange>
  <SizeVariance>0</SizeVariance>
  <ColorRange>
    <Start>
      <A>208</A>
      <R>128</R>
      <G>128</G>
      <B>128</B>
    </Start>
    <End>
      <A>0</A>
      <R>48</R>
      <G>48</G>
      <B>48</B>
    </End>
  </ColorRange>
  <ColorVariance>0</ColorVariance>
</ParticleSettings>