{"engine_version":"131.0.0","base_build":{"fork_id":"wizards","version":"7af0ae540d65ffae72fecd19a133df011f07816a","download_url":"https://cdn.centcomm.spacestation14.com/builds/wizards/builds/7af0ae540d65ffae72fecd19a133df011f07816a/SS14.Client.zip","hash":"6c7413eca63280f11beefc5b39de3c625b83b91442bfedd23019321680db61a9","manifest_download_url":"https://cdn.centcomm.spacestation14.com/cdn/version/7af0ae540d65ffae72fecd19a133df011f07816a/download","manifest_url":"https://cdn.centcomm.spacestation14.com/cdn/version/7af0ae540d65ffae72fecd19a133df011f07816a/manifest","manifest_hash":"5109E20826E0B4C6F1E53EB76DF9D6425112D154C59E41682BE594238B7FDFAD"}}