<?xml version="1.0" encoding="utf-8"?>
<AnimationCollection xmlns:xsi="http://www.w3.org/2001/XMLSchema-instance" xmlns:xsd="http://www.w3.org/2001/XMLSchema">
  <Name>player_jumpsuit_gray</Name>
  <Animations>
    <AnimationInfo>
      <Name>fall</Name>
      <Frames>17</Frames>
      <FPS>15</FPS>
    </AnimationInfo>
    <AnimationInfo>
      <Name>idle</Name>
      <Frames>60</Frames>
      <FPS>15</FPS>
    </AnimationInfo>
    <AnimationInfo>
      <Name>run</Name>
      <Frames>8</Frames>
      <FPS>15</FPS>
    </AnimationInfo>
    <AnimationInfo>
      <Name>stand</Name>
      <Frames>30</Frames>
      <FPS>15</FPS>
    </AnimationInfo>
    <AnimationInfo>
      <Name>strike</Name>
      <Frames>24</Frames>
      <FPS>15</FPS>
    </AnimationInfo>
    <AnimationInfo>
      <Name>walk</Name>
      <Frames>15</Frames>
      <FPS>15</FPS>
    </AnimationInfo>
  </Animations>
</AnimationCollection>